sentence,subject,verb,object,hinnang
"Mind ei võlu eriti väljavaade saada järgmiseks , ma ei tea ...",väljavaade,saama,võlu,no
Sedavõrd tugevasti on ta ennast presidendiametis rahvale “ mällu sööbinud ” .,tema,sööbima,ise,yes
"Ta saab palka Tulbi spordiklubist , nii et need asjad minusse ei puutu , ” lausub Valdes ja palub järgmisel päeval uuesti helistada .",tema,saama,palk,yes
Me peame aru .,mina,pidama,aru,yes
"Ma ei usalda ennast kosmeetikute kätte , ei ole tihe salongide külastaja .",mina,usaldama,ise,yes
Eesti kohta nii hulle arve esile tuua ei saa .,arve,tooma,hull,no
"Kui Kroonika neid Eesti Kunstimuuseumis hilisõhtul pildistas , lasid tüdrukud hea kõlaga ruumides laulu lahti .",tüdruk,laskma,laul,yes
Ma küpsetan pirukaid ka .,mina,küpsetama,pirukas,yes
"“ Ma polnud kunagi varem kuulnud nii labaseid jutte , nagu kuulsin nende naistega ühes toas töötades !",mina,kuulma,jutt,yes
Seda nendib ametlik statistika .,statistika,nentima,see,yes
Me kõik teame väga hästi tema tegevust okupatsiooniajal .,mina,teadma,tegevus,yes
Modelliagentuuri MASS juhivad Oleg ja Raul kahepeale .,mass,juhtima,Oleg,no
Just lähedus emaga toob hilisemas elus kaasa vaimselt tasakaalustatud kodaniku .,lähedus,tooma,kodanik,yes
"Hansapank on laenanud välisturgudelt 800 miljonit krooni , Tallinna Pank 400 miljonit , Ühispank 400 miljonit , Hoiupank 560 miljonit ; sama teed lähevad varsti ka väiksemad pangad .",Hansapank,laenama,kroon,yes
"Ma kannan aeg-ajalt vanaema kingitud pärleid ning abikaasalt saadud ketti , ” ütleb Ute , kes hindab traditsioonidega seotud esemeid .",mina,kandma,pärl,yes
"Kuid põhimõtteliselt peaks Palestiina omavalitsus saama endale nüüd suure osa soovitust , Iisraelile jäävad juutide asundused linnades ning Iisraeli sõjaväebaasid .",omavalitsus,saama,soovitus,yes
Vähemalt nii on väitnud lepingu lõpetanud Nõmme põhikooli direktor Karli Klaas .,direktor,lõpetama,leping,no
"Kuigi arstid ja massöörid saavad need enamasti kiiresti kontrolli alla , võivad need mõnikord tantsija mitmeks kuuks rajalt maha võtta .",see,võtma,tantsija,yes
EBRD hinnangul annab erasektor praegu umbes 70 protsenti meie sisemajanduse kogutoodangust .,erasektor,andma,protsent,yes
"Et rikkad tädid teevad sel ajal , kui nende mehed raha teenivad , ka midagi .",tädi,tegema,miski,yes
Ülejäänud poole kogu talu sissetulekust andsid mitmed väiksemad ettevõtmised .,ettevõtmine,andma,pool,yes
"Kui kõik läheb plaanitult , avab jõulude ajal Tallinnas Vesse tänaval ( Peterburi maantee lähedal ) uksed suurim SPAR-i supermarket , mis vastab EuroSPAR-i standardile .",supermarket,avama,uks,yes
Veepiirile ihkavaid autojuhte see ei pidurda .,see,pidurdama,autojuht,yes
"Mees kosis teist korda sama naist - sest olles lahutanud abielu , tundus mõne aja möödudes mõlemale , et tema OLIGI see õige !",mees,kosima,naine,yes
Heino ja Ines Rannap pooldasid ses suhtes askeetlikku kasvatust .,Heino,pooldama,kasvatus,yes
"Aga mu töö huvitab mind nii palju , et mul on lihtsam öelda oma eraelule “ ei ” ja tööle “ jah ” .",töö,huvitama,mina,yes
"Tema neli last oksendasid öö läbi , kui ema keetis toiduks koduaia köögivilja .",laps,oksendama,öö,no
"Aga sõda ei vallandanud serbia ega bosnia rahvas , vaid poliitikud .",sõda,vallandama,rahvas,no
"Ent paljuks ei pea suu korrashoiu eest rohkem maksta ka paljud õpetajad , kultuuritegelased ja muu “ maisem ” kontingent .",õpetaja,maksma,suu,no
Ta saadab toimetustesse kirjade koopiaid ja on alati nõus ajakirjanikega suhtlema .,tema,saatma,koopia,yes
Kuid miks peab üks inimene justkui Jeesus Kristus lunastama kõik Eesti panganduse ja majanduse kasvuraskused ning nendest sündinud eksimused ?,inimene,lunastama,pangandus,no
"Olegi hästi tundvad inimesed kinnitavad aga tõsiasja , et juba siis oli Ljadovite abielu sisuliselt läbi .",inimene,kinnitama,tõsiasi,yes
"“ Miski , keegi , mingi vaim jälitas meid kõiki üle elu kõrbe ja oli määratud meid tabama , enne kui me taevasse jõuame .",vaim,jälitama,mina,yes
“ Mind vahel häirib materiaalse kindlustunde puudumine .,puudumine,häirima,mina,yes
"Vesta Reest Salt Lake City sõjakäiguga miljoneid kroone teeninud ANDRUS VEERPALU mäletab ka aegu , mil tal tuli treener Mati Alaverilt toiduraha laenata .",Andrus,mäletama,aeg,yes
"Aga minule serveeris ta asja ettevaatlikult , kartes , et äkki ma pettun , ” räägib Mari-Ann Kelam .",tema,serveerima,asi,yes
Mis teeks sind veel õnnelikumaks ?,mis,tegema,sina,yes
Kas sinu aktsent võlub naisi ?,aktsent,võluma,naine,yes
"“ See annab teadmise , et ei tee tühja tööd .",see,andma,teadmine,yes
"“ Eks ma panen ka roosad kummikud jalga ja lähen Draamateatri ette piketeerima , ” viskab kibestunud Riisalu mõru nalja .",mina,panema,kummik,yes
"Nii argentiinlased kui ka välisinvestorid viisid oma raha riigist välja , intressimäärad tõusid järsult ja jaanuaris hüljati valuutakomitee süsteem .",argentiinlane,viima,raha,yes
“ Tundeid vene mees ei häbene .,mees,häbenema,tunne,yes
"Vähendab ju sotsiaalmaksu asendamine pensionifondide maksetega riigi maksutulusid , samas tuleb riigil endiselt ülal pidada varem pensionile siirdunud inimesi .",asendamine,vähendama,maksutulu,yes
"Tanel pistab käe endale viivuks püksi , teeb seejuures nägusid ja selgitab : “ Ta suskas mulle kingiks mõeldud Hollywoodi klubikaardi millegipärast endale korraks s i n n a !",Tanel,pistma,käsi,yes
1997. a. mais korraldas linnavalitsus konkursi Narva 1. ja 4. kooli rekonstrueerimiseks .,linnavalitsus,korraldama,konkurss,yes
See on pannud tervishoiuametnikke korraldama kampaaniaid päevitamise populaarsuse vähendamiseks : “ Pane särk selga !,see,korraldama,kampaania,yes
"Möödunud nädalal saatis üks kunstiülikooli tudeng toimetusse meili , milles palus Ané telefoni või meiliaadressi .",tudeng,saatma,meil,yes
"Moskva ja Washingtoni normaalset suhtlust segab suuresti asjaolu , et Venemaa ei taha leppida USA kui ainukese üliriigi staatusega .",asjaolu,segama,suhtlus,yes
"“ Eduard meenutab juhtumit , mille pärast hommikueine naisele sängi serveerimine tabuks sai : “ Ükskord , jah , kallasin kohvi voodisse .",Eduard,meenutama,juhtum,yes
Kirjutajana on see mind alati inspireerinud .,see,inspireerima,mina,yes
Eestlaste madal reiting võib paljusid ehmatada .,reiting,ehmatama,palju,yes
"Mõnes mõttes annab raha küll eelise , aga samas ei garanteeri tulemust .",raha,andma,eelis,yes
"2001. aasta seksikaimaks naiseks valitud Anu Saagim õigustab taas oma tiitlit , rääkides järgnevas intervjuus rabava avameelsusega seksist ja vananemishirmust .",Anu,õigustama,tiitel,yes
Kas need auhinnad tähendavad sulle midagi ?,auhind,tähendama,miski,yes
"Teadaolevalt soodsaimat hinda pakub kompanii nimega Unitil : 2,4 USA senti ehk 32 Eesti senti kilovatt-tunni eest .",kompanii,pakkuma,hind,yes
” Siiras vabandus sulatab publiku ning Brainstorm annab The Cranberriese tuuri ühe menukama soojenduskontserdi .,vabandus,sulatama,publik,yes
1994. a. pöörasid kutsumata külalised Alas-Eweco kontori segi ja viisid minema neli seifi .,külaline,pöörama,kontor,yes
Täielikult ma ennast kellelegi avada ei saa ja ma ei saa seda ka kelleltki teiselt nõuda .,mina,avama,ise,yes
Kõva sõna võidab ikka kõhkleva väe !,sõna,võitma,vägi,yes
"“ Kui midagi peaks valesti minema , saab pank kõik endale .",pank,saama,kõik,yes
"Kõige paremini iseloomustab seda tunnet ingliskeelne väljend pain in ass ( valu tagumikus ) , ” räägib Ülle .",väljend,iseloomustama,tunne,yes
"Üleminekujärgus Ungari , Poola ja Tshehhi Vabariik vajavad mitme eksperdi arvates raha esmajoones majanduse edendamiseks .",vabariik,vajama,raha,yes
"Zhürii põhjendab Siiri läbikukkumist sellega , et neiu on liiga vaikne ning vaatajatel pole teda huvitav jälgida .",zhürii,põhjendama,läbikukkumine,yes
"Muusik Tarmo Urb põimib kõik need teemad üheks kimbuks ja tõdeb , et 21. sajandi suurim defitsiit on eetika .",muusik,põimima,teema,yes
Mis sind selleks ajendas ?,mis,ajendama,sina,yes
Kes sulle riideid valib ?,kes,valima,riie,yes
” Võõrtöölised tähendavad tööpuuduses ägaval liidumaal vastikut konkurenti .,võõrtööline,tähendama,konkurent,yes
"Aastal 1991 epohhiloonud sündmused maailmapoliitikas tõid kaasa külma sõja lõpu , N Liidu lagunemise , jõudude ümberpaigutuse ning kestva tasakaalutuse maailmas .",sündmus,tooma,lõpp,yes
"“ Venekeelne variant võib tekitada probleeme , sest minu teoses põrkuvad kokku Ameerika , Venemaa ja idariikide huvid .",variant,tekitama,probleem,yes
Vägisi tekitab linna hea tahe negatiivse seose : koduste laste ja perekonna asotsiaalsuse vahele käib Tartus võrdusmärk .,tahe,tekitama,seos,yes
"Tegelikult ei tee reegleid mitte inimesed , vaid raha .",inimene,tegema,reegel,yes
Anne-Mari Alver Moefirma Escada esindaja Eestis ÜLLE KALDVEE on leidnud suurepärase mooduse tutvustada Escada tooteid otse võimalikule sihtgrupile .,esindaja,leidma,moodus,yes
Samas on itaallane alati usaldanud intuitsiooni .,itaallane,usaldama,intuitsioon,yes
Asjad toovad palju rõõmu .,asi,tooma,rõõm,yes
Sa mängid filmis ka ema .,sina,mängima,ema,yes
"Aga kui ta kohtab noormeest , kellesse oli 16aastasena kõrvadeni-ülepea armunud ?",tema,kohtama,noormees,yes
"Noh , miinimumprogrammi raames me ikka vaba aega leiame .",mina,leidma,aeg,yes
1976. aastal kõrvaldasid bulgaarlased KGB abil Inglismaal emigrandist kirjaniku Georgi Markovi .,bulgaarlane,kõrvaldama,kirjanik,yes
"Kõige suuremat muret tekitas tõik , et Sasha ei nõustunud sööma ega jooma .",tõik,tekitama,mure,yes
"“ Vägivald sünnitab vägivalda , ” võtab kokku natsismiohvrite saatust uurinud kunagine KGB ohvitser , kelle omaksed lasid sakslased hukata .",vägivald,sünnitama,vägivald,yes
"“ Õpiku kirjutamine võtab aasta , teine kulub täpsustusteks , parandusteks ja trükkimiseks , ” kirjeldab Avita kirjastuse juht Lii Aunaste õpiku valmimise protsessi .",kirjutamine,võtma,aasta,yes
Ta nägi meid sellelt teelt välja sõitmas ja rohkem kui 45 meetri kõrguselt kaljult alla kukkumas .,tema,nägema,mina,yes
"” Iisrael kontrollib Palestiina alalt väljumist , sissesõidul pole dokumenti vaja .",Iisrael,kontrollima,väljumine,yes
Seda on soosinud ka maailma riikide maksupoliitika .,maksupoliitika,soosima,see,yes
"Et see teooria pole laest võetud , seda kinnitab ka hiljutine Harvardi teadlaste uuring .",uuring,kinnitama,see,yes
Samal ajal said alguse ka radikaalsed feministlikud ideed .,idee,saama,algus,yes
Sisemistest probleemidest tõstab uurimus Läti ja Leedu puhul esile suhteid vene vähemusega .,uurimus,tõstma,suhe,yes
” Kas sa tunned ka Bruce'i endist kaasat Demi Moore'i ?,sina,tundma,kaasa,yes
Soome ametiühingud ning veidi hiljem ka Soome laevaehitajad seadsid kahtluse alla Eesti meremeeste oskused .,ametiühing,seadma,oskus,yes
"Wolfi teenistus leidis neid inimesi , tuhandete kaupa .",teenistus,leidma,inimene,yes
"Riik elamuid enne korda ei teinud , raha oli vähe .",riik,tegema,elamu,yes
Erakorralist infot edastas minister või ministriabi .,minister,edastama,info,yes
"Riik afisheerib pangandust ja muud maist majandust , rahva juurdepääs vaimsele rikkusele teda suurt ei huvita .",riik,afisheerima,pangandus,yes
Teised aga pälvivad alluvatelt tunnustust vastavalt pirukajagamisel hangitud noosi suurusele .,teine,pälvima,tunnustus,yes
"Ave-Stefanie Hogan-Isotamme isiku muudab veelgi saladuslikumaks tõik , et tema nime , telefoninumbrit ega aadressi ei tea ükski tegutsev infoliin .",tõik,muutma,isik,yes
"Läbi aegade pole teadus end sellistesse asjadesse eriti seganud , teadust ja religiooni on peetud koguni teineteist välistavateks .",teadus,segama,ise,yes
"Pärast kontserti väljendas Kuningas mulle lühikeses eravestluses omapoolset tänulikku vaimustust meie publiku üle ja tundus tõepoolest , et see polnud sugugi üksnes viisakus .",kuningas,väljendama,vaimustus,yes
"Komisjon panigi Vikberile tee kinni , kuna Bulgaaria vabariigi relvastuses ei ole 5,45 mm laskemoona kasutavaid relvi .",Komisjon,panema,tee,yes
"See nõuab poliitilist protsessi , konsensust alliansis , parlamentide konsensust .",see,nõudma,protsess,yes
Väga ilusasti ütles see daam telefoni .,daam,ütlema,telefon,yes
Eesti valitsus on teda sel suvel Eestisse loenguid pidama kutsunud .,valitsus,kutsuma,tema,yes
Venemaale ei ennusta head aastat keegi .,keegi,ennustama,aasta,yes
"See töö andis kogemusi majandus- ja õigusvaldkonnas , samuti kohtus esinemise praktika , mis hiljem pensionäride õiguste kaitsmisel kasuks tuli .",töö,andma,kogemus,yes
"Muidugi tekitavad kaks last ka pingeid , eriti esimestel nädalatel , kui laps ei lase magada ja kui ei saa väljas käia .",laps,tekitama,pinge,yes
"Mikenbergi missiooni ja ülesandeid mäletavad mõnedki Inglismaa eestlased , kes on varmalt valmis kõigest rääkima .",eestlane,mäletama,missioon,yes
“ Hommikul poole üheksast õhtul poole üheksani hoian ennast tegevuses .,pool,hoidma,ise,no
"Meie anname sulle passi , samas palume politseil uurida selle väljaandmisel aluseks olnud võltsdokumenti .",mina,andma,pass,yes
"Kui nad seda ei suuda , ei taha ma neid oma bussi .",mina,tahtma,buss,no
“ Midagi sellist ei olnud ma varem kogenud .,mina,kogema,miski,yes
Ometi vajavad nad kõik kindlasti ka psühholoogilist nõustamist .,tema,vajama,nõustamine,yes
"Kohtumine suurlinnaga võttis jalad nõrgaks , kuid ta jäi püsti .",kohtumine,võtma,jalg,yes
"Euroopalik käitumine tähendab loobumist kahtlusest , et iga kord , kui Eesti välisministeeriumi esindaja kohtub Vene välisministeeriumi kolleegiga , toimub salajane Eesti mahamüümine .",käitumine,tähendama,loobumine,yes
"Auto tehnilistest nõuetest kinnipidamise peab tagama tehniline ülevaatus , mis kombineerub areneva kindlustusturuga .",ülevaatus,tagama,kinnipidamine,yes
Viimased kohalikud valimised võitnud Mahla on läbi ja lõhki realist .,valimine,võitma,mahl,no
"Nemad rajasid oma äri edu juba Jossif Stalini ajal , 1949. aastal sõlmitud “ sõpruse , koostöö ja vastastikuse abistamise leppe ” peale , mille perestroika nurjas .",tema,rajama,edu,yes
“ Isa väljendab end tõesti väga radikaalselt ja hoopis karmimalt .,isa,väljendama,ise,yes
"Ta tõstis jälle üles vene vähemuse olukorra Eestis , väites , et siin jätkub massiline ja häbiväärne inimõiguste rikkumine .",tema,tõstma,olukord,yes
Loodetavasti leiab uuendamise käigus järgmises atlases kujutamist ka Eesti suuruselt 11. linna - Maardu kaart .,kaart,leidma,kujutamine,yes
"Ema tõi mind suve lõpus Haapsalust Tallinna , mul oli Mustamäel kahetoaline korter .",ema,tooma,mina,yes
"Teenistujad korraldasid korraliku stseeni , aga õnneks lahenes intsident õnnelikult .",teenistuja,korraldama,stseen,yes
Ainuüksi Miri varustamiseks tarvisminevate süstikulendude peale ajavahemikul 1995 - 1997 lubas lahke Kongress 400 miljonit dollarit ehk peaaegu pool Eesti aastaeelarvet !,kongress,lubama,aastaeelarve,yes
"Anna , kes polnud koolis varem esinenud , tunnetas teiste vastuseisu .",Anna,tunnetama,vastuseis,yes
"Mõne aja eest mõõtis üks Pärnumaa mees Tammiste vanadekodu välisseina temperatuuri ning avastas , et see ei vasta Brüsseli nõuetele .",mees,mõõtma,temperatuur,yes
Vaesest perest pärit Liverpooli poiss McCartney kaotas 14aastaselt ema .,poiss,kaotama,ema,yes
"Oma tütreid pole ma küll näinud nii palju , kui ma tahaksin .",mina,näima,tütar,yes
"Vabadel hetkedel ühendab Kersti sageli psühholoogia-huvi oma teise hobi , lugemisega : “ See on mu lemmiktegevus .",Kersti,ühendama,hobi,yes
"Mida sa tõesti naudid nii , et ootad seda varahommikust päeva lõpuni , mil saad asjaga segamatult tegelda ?",sina,nautima,mis,yes
Tegelikult mängivad väikeriigid Euroopa Unioonis samasugust rolli nagu hea õli auto mootoris .,väikeriik,mängima,roll,yes
"” Millal ja kuidas kliendi ja advokaadi suhe romantilised tuurid peale võttis , kes seda enam mäletab .",suhe,võtma,tuur,yes
Seda tõendas juhtum Vukovaris Bosnia konflikti ajal .,juhtum,tõendama,see,yes
“ Aga see kõik kohe tervendas mind .,see,tervendama,mina,yes
"Ehkki ta kaotas poole oma rahast esimese paari kuuga , pantis ta oma maja , laenas investeerimiseks 50 000 dollarit ning tema aktsiaportfelli väärtus on kasvanud 174 000 dollarini , seega 74% .",tema,pantima,maja,yes
"Kuni Zinni surve või ootamatu meelemuutus Iisraelis endas pole tulemust andnud , pilluvad tavalised palestiinlased kivisid edasi .",palestiinlane,pilduma,kivi,yes
"Kaudselt võib arstide sõnul majanduslikel põhjustel halba toitumist näidata suurenemine nakkushaigustesse , nagu näiteks gripp , kuid ka tuberkuloos .",suurenemine,näitama,toitumine,yes
“ Suveks me maja vist veel valmis ei saa .,mina,saama,maja,yes
Katarina lähedased süüdistavad Tanelit naiselt raha väljapressimises .,lähedane,süüdistama,Tanel,yes
Järgmised kaks olümpiat viisid tema ennustuse peaaegu täide .,olümpia,viima,ennustus,yes
Piirileping sulgeb meie ajaloo ühe lehekülje .,piirileping,sulgema,lehekülg,yes
Ta võib pealt kuulata ka kaugel seisvate inimeste juttu .,tema,kuulama,jutt,yes
"Aga ise ma ootan küll Euroopasse jõudmist , sest olen terve viimase aasta praktiliselt Ameerikas elanud .",mina,ootama,jõudmine,yes
"Lisaks sellele ei ole kumbki riik ühtegi rahvusvahelist lepingut rikkunud , sest nad pole nendega lihtsalt ühinenud .",riik,rikkuma,leping,yes
"Kord tehtud samme me enam kunagi ei saa muuta , ” kinnitas oma lahkumiskõnes Savisaar .",mina,muutma,samm,yes
See paneb Ameerikat teise pilguga vaatama .,see,panema,Ameerika,yes
Primakovi “ Euro-Aasia ” mudel peab eeskätt silmas Venemaa strateegilist partnerlust Hiinaga .,mudel,pidama,partnerlus,yes
"Maruvihane poiss haaras kuurist esimese ettejäänud asja , mis juhtus olema mootorsaag , ning ilmus sellega venna toa uksele .",poiss,haarama,asi,yes
"Ta meenutab aega , kui müügile ilmus Luule Viilma teine raamat : “ Juba nädalaid enne ilmumist helistati ja küsiti , kas juba on raamat müügil .",tema,meenutama,aeg,yes
Ilumängu vahukoore sisse upub loo ihar ja võikavõitu sisu .,sisu,uppuma,loog,no
Nõukogude Liiduga sõlmitud nn. vastastikuse abistamise lepingud muutsid Balti riigid idanaabri protektoraadiks .,leping,muutma,riik,yes
"Selle kinnitab rahvusvaheline töögrupp ja seal on kirjas , mida peab tegema pataljon , mida kompanii , mida rühm .",töögrupp,kinnitama,see,yes
"Leptiini-defektita hiirtele , kes olid lihtsalt hea toidu peal paksuks nuumatud , ei teinud leptiini süstimine suurt midagi .",süstimine,tegema,miski,yes
Asjad lihtsalt ajavad mind itsitama .,asi,ajama,mina,yes
Nende arvates näitab see ühise rahasüsteemi hüvesid .,see,näitama,hüve,yes
Öösel viis ta külalised talu tiiki vesirooside vahele ujuma .,tema,viima,külaline,yes
"Kui Eestis kasvab mobiiliomanike arv ka edaspidi 60% ringis aastas , saab iga kolmas eestlane mobiiltelefoni 2000. aasta lõpuks .",eestlane,saama,mobiiltelefon,yes
"Ta oli teinud midagi , mil polnud mingit tulemust .",tema,tegema,miski,yes
Ja Savisaar heidab internetis pilgu värsketele päevalehtedele .,Savisaar,heitma,pilk,yes
“ Ta rääkis endast kõik ära .,tema,rääkima,kõik,yes
"Mida peavad ikkagi tegema Viljandi , Rakvere või Tartu ettevõtjad , kui nad tahavad olla riigitruud ?",ettevõtja,tegema,mis,yes
"Gabrieli ( 31 ) paremat õlga ehib tätoveering , millel on kujutatud sihtmärki jälgiv snaiper .",tätoveering,ehtima,õlg,yes
"Ta annab haruharva intervjuusid ning vastab vaid sellistele küsimustele , mida tavaliselt esitavad talle lapsed või tema raamatute tavalugejad .",tema,andma,intervjuu,yes
"Vatikani pressiteenistuse teadaandes viibutab paavst sõrme selliste supertähtede suunas , nagu Jennifer Aniston , Naomi Campbell ja Catherine Zeta Jones .",paavst,viibutama,sõrm,yes
"Oktoobris otsis riiklike tööhõive-ametite vahendusel tööd 31 850 inimest , seega alla poole töötuist .",inimene,otsima,töö,yes
"Pikk autosõit muudab jalad kangeks , nii et Andrus plaanib õhtul veel joostavõimelda .",autosõit,muutma,jalg,yes
"Ma teen ta ise voodis heaks , kui vaja on .",mina,tegema,tema,yes
"Kohe tunnustasid teda maailma suured , Ameerika Ühendriigid ja Nõukogude Liit .",Ühendriik,tunnustama,tema,yes
"Selle katkestas õnnelik pruut , kes viskus peiule kaela ning kinkis talle kuuma suudluse .",pruut,katkestama,see,yes
Kas sa mähkmeid vahetad ?,sina,vahetama,mähe,yes
Vägisi haiglasse saatmine tähendaks ahistamist .,saatmine,tähendama,ahistamine,yes
Vaba maa - iga mats võib ennast tunda kellena tahes .,mats,tundma,ise,yes
See tähendab stabiilsust ja sotsiaalsete pingete leevendamist regioonis .,see,tähendama,stabiilsus,yes
Kuuldavasti panid nad sellele pühakule kirikus minu jaoks suure hulga küünlaid põlema .,tema,panema,küünal,yes
Jättis ta ju ise New Yorki kolides oma 15aastase poja Sindri koju Islandile isa Thor Eldroni kasvatada .,tema,jätma,poja,yes
"See üllatav väide lükkas ümber avaliku arvamuse küsitluste tulemused , mis kinnitavad , et alates 1992. aastast on inimesed pidanud kõige olulisemaks just turvalisust ja kuritegevuse pidurdamist .",väide,lükkama,tulemus,yes
Psühholoogide ja meteoroloogide arvamus langeb nende põhjusi vaagides kokku : kehvades kvartalites valitsenud pinge ja stress vallandusid plahvatusena .,arvamus,langema,põhjus,yes
"“ See katab kooli reaalsed kulud ja midagi jääb ka väikesteks investeeringuteks , ” põhjendab Tamjärv õppemaksu suurust .",see,katma,kulg,no
"Tulemused kinnitavad must valgel seda , et Lüganuse Keskkool on hea kool .",tulemus,kinnitama,see,yes
"Jõulueelse reklaamikampaania ajal sõlmis Radiolinja liitumislepinguid täiesti tasuta , lisaks lubati 300 krooni eest telefonikõnesid firma kulul .",reklaamikampaania,sõlmima,liitumisleping,no
“ Tohutu võõrtööliste voog ületab päevast-päeva piiri .,voog,ületama,piir,yes
"5. juulil 1993 andis kaitsejõudude peastaabi ülem välja käskkirja , millega kohustati jäägreid Paldiskis üle võtma Vene sõjaväeosa .",ülem,andma,käskkiri,yes
"“ Eks ma pean nüüd , jah , natuke tuure maha tõmbama , ” arvab mees , keda sageli meelitavad kaunid daamid ja seksikad modellid .",mina,tõmbama,tuur,yes
See muudab Savisaare veel kord märtriks ja tema erakonna suurimaks opositsioonierakonnaks nii all-linnas kui ka Toompeal .,see,muutma,Savisaar,yes
"Ise ta seda ei mäleta , aga teab vanemate jutustuste põhjal - esimene eluaasta möödus sõna otseses mõttes “ sulgede sees .",tema,mäletama,see,yes
"See seletab ehk ka tema soojenevaid suhteid ekskallima Hugh Grantiga , kes käib koos Hurleyga arstide juures ja aitab osta kõike vajalikku , et muuta Hurley “ poissmehekodu mugavaks pereelamuks .",see,seletama,suhe,yes
"JULIA ROBERTSi järjekindlus kandis vilja - näitlejatar abiellus mehega , kelle ta eksnaise käest välja ostis .",järjekindlus,kandma,vili,yes
Ja kes muu teda ikka paremini mõistab kui inimene samast maailmast .,muu,mõistma,tema,yes
"Peastaabi ülem oli õigeaegselt ette valmistanud dokumendid , et kaitseväe juhataja need presidendile viiks .",ülem,valmistama,dokument,yes
"Luup oli just avaldanud nende koolide nimekirja , kes tulemustelt poolesaja kehvema sekka jäid .",luup,avaldama,nimekiri,yes
"Poliitikud võivad leida kümneid vastuväiteid , kartes luua pretsedenti , kuid siin võib peituda ühe keerulise probleemi võti .",poliitik,leidma,vastuväide,yes
"Mõistagi lõhnavad need arvutused absurdi järele - seda enam , et peale eluaseme ja auto vajavad inimesed sööki-jooki ja riideid selga , vanematel on suuri kulutusi laste koolitamisega jne .",arvutus,lõhnama,absurd,yes
Vald kannab ka maja ülalpidamiskulud ja maksab koolitädile palga .,vald,kandma,ülalpidamiskulu,yes
Ma söön ainult väga head sülti .,mina,sööma,sült,yes
Aju on inimese teadmata jätnud meelde kõik sõnad .,aju,jätma,sõna,yes
"Vaatamata liigirohkusele huvitab uurijaid juba oma pool sajandit põhiliselt ainult üks mikroob , Streptococcus mutans .",mikroob,huvitama,uurija,yes
Eesti presidendi Arnold Rüütli kätt surusin ma pärast hiljutist Eesti ja Monaco sporditähtede vahelist jalgpallimatši ( septembri algul Tallinnas toimunud heategevuslik vutishow - toim ) .,mina,suruma,käsi,yes
"” Elu pakub ka teismelistele piisavalt kogemusi , veendumaks , et alkoholi tarbimine võib lõppeda traagiliselt .",elu,pakkuma,kogemus,yes
"Nigelat asetust kompenseeris ehk vaid see , et idanaaber Venemaa paiknes paar kohta tagapool .",see,kompenseerima,asetus,yes
"Juhul kui tabud on tugevad , siis nad konfliktsituatsioonis pidurdavad agressiivsust .",tema,pidurdama,agressiivsus,yes
Kuidas Ivo sind meeles pidas ?,Ivo,pidama,sina,yes
"Eestlased kaotasid kümne aasta sees ( 1940 - 1950 ) ligi 120 000 hinge , mis ületab kümnendiku rahva koguarvust .",eestlane,kaotama,hing,yes
Ma ei tee asju lihtsalt niisama .,mina,tegema,asi,yes
Keemiainseneri ja rahandusspetsialisti haridusega Hodorkovski pani oma varandusele aluse õndsat komsomoliorganisatsiooni teenides .,Hodorkovski,panema,alune,yes
Seepärast veeretavad nad palli automaksu peale - seda maksu kogub kohalik omavalitsus .,tema,veeretama,pall,yes
"Seda muljet soodustavad ka teemad , millega ta tegeleb - üks range nõudmine , revisjon ja arvepidamine teise järel .",teema,soodustama,mulje,yes
Minu jumal hoiab mind väga .,jumal,hoidma,mina,yes
Nii meie väga lugupeetud president Meri kui ka Välisministeeriumi usinad ametnikud kiitsid ahvikiirusel heaks ameeriklaste pommitamised Pärsia lahe piirkonnas .,president,kiitma,pommitamine,yes
“ Me ei lase kodumaise tööstuse toetamise pärast hindu alla .,mina,laskma,hind,yes
” Finaali pääsemine ületas kõik mu ootused .,pääsemine,ületama,ootus,yes
Ajalugu pakub kummalisi näiteid .,ajalugu,pakkuma,näide,yes
Proua Laos juhatab kannatamatud külalised mööda maja otsaseina kulgevat puutreppi pööningukambrisse .,proua,juhatama,külaline,yes
"Kui te kunagi tippspordist loobute , mis te siis teete ?",sina,tegema,mis,yes
H . K : Üks ei sega teist ja maal läheb oma rada edasi .,üks,segama,teine,yes
Nüüd ma enam protsendiga laenu ei anna .,mina,andma,laen,yes
"Olümpia hotell , kus kapitalistide lapsed ööbisid , jättis talle masendava mulje .",hotell,jätma,mulje,yes
"Ühiskonna areng erutas teda jätkuvalt , Westholm kuulus näiteks Riigikogu esimesse , teise , kolmandasse ja neljandasse koosseisu , osales Tallinna volikogu töös jne .",areng,erutama,tema,yes
“ Viimse reliikvia ” legend mahutab endas kõike - Lennart Merist Eve Kivini .,legend,mahutama,kõik,yes
"Tema elukaaslane Kristel Loide ( 20 ) tõi 9. mail Pelgulinna sünnitusmajas ilmale beebi , kes sai nimeks Villem Richard .",elukaaslane,tooma,beebi,yes
"Aga keda huvitavad suured inimsuhted ja teise sisse minek ( vaim-selt ! ) , neil pole varakapitalistliku kõhulahtisuse perioodil mingit pidu .",inimsuhe,huvitama,kes,yes
Selgitusi on jaganud nii välisminister Madeleine Albright kui ka kaitseminister William Cohen .,välisminister,jagama,selgitus,yes
Taasiseseisvumine tegi Eestiski tulirelvad tavakodanikule kättesaadavaks .,taasiseseisvumine,tegema,tulirelv,yes
See kergendab ka poliitikute südant .,see,kergendama,süda,yes
“ Ema hoidis mind väga .,ema,hoidma,mina,yes
"Kohe seejärel lükkasid juudiriigi armee buldooserid kättemaksuks kokku mõned majad Gazas ning siis jõudis ka Islamidžihaadil kätte aeg teatada , et otsus peatada rünnakud Iisraeli vastu oli eksitus .",buldooser,lükkama,maja,yes
"“ Kulleri ” peatoimetaja Andrus Esko peab põhiliseks kriteeriumiks , millega ajalehe veergudele sattuda , siiski tuntust .",peatoimetaja,pidama,tuntus,yes
"Välismaa leheküljed toimetanud Aive Lauriste Patoloogiline märatseja COURTNEY LOVE on palganud endale ööpäevaringse turvamehe , kes peab teda kaitsma tema enda eest .",lehekülg,palkama,turvamees,no
Inimene näeb peale selle unenägusid .,inimene,nägema,unenägu,yes
"Kes aga iga päev teiste pakist suitsu teeb , see ennast suitsetajaks ei pea .",see,pidama,ise,yes
Ta võttis isegi kasutusele uue termini - juhkerdised .,tema,võtma,termin,yes
Vahekorras olles ei tajunud ma oma puudeid .,mina,tajuma,puue,yes
"“ Saad sa aru , rootslastega ei saa midagi kohe korda ajada .",sina,saama,aru,yes
Kuidas te end tööst välja lülitate ?,sina,lülitama,ise,yes
"Veelgi enam , pikka aega ei teadnud ka rahvusvaheline komisjon midagi nendest remondilehtedest .",komisjon,teadma,miski,yes
"” Keegi ei ütle Riisalule küll midagi otse näkku ja tihti tundub talle isegi , et nii mõnigi lugupeetud ärimees tahaks laval “ römiseda ” sama kompleksivabalt kui tema .",keegi,ütlema,miski,yes
"“ Tihti lõid nad oma ettevõtte palgatöö kõrvalt , kasutades ära nii tekkinud kontakte ( hankijad , koostööpartnerid , töötajad , kliendid ) kui ka omandatud teadmisi ( välisfirmadega suhtlemise kogemus , tolliprotseduuride tundmine ) , ” iseloomustab Juhan Teder .",tema,looma,ettevõte,yes
"Ligi kolmandik või ehk pooled praegu mandril töötavatest inimestest vast leiaksid Hiiumaal tööd , seda aga olulise palgakaotusega .",kolmandik,leidma,töö,yes
"Viimase poole aasta jooksul ongi politsei kõrvaldanud kaks korda rohkem kassette , laserplaate ja videokassette kui viimase kolme aastaga kokku .",politsei,kõrvaldama,kassett,yes
Mingeid kaugeleulatuvaid plaane me ei tee .,mina,tegema,plaan,yes
"Pilv võttis Murdiga ühendust ja teatas , et ootab temalt last .",pilv,võtma,ühendus,yes
Nende heitluste järel lahendab peategelane Vargamäele naastes ka küsimuse : mida pärast lüüasaamisi teha ?,peategelane,lahendama,küsimus,yes
Ma ei otsi kedagi .,mina,otsima,keegi,yes
Kuidas sa toitu välja mõtled ?,sina,mõtlema,toit,yes
Soomlased haistsid aga EL-is shanssi korrastada suhteid suure idanaabriga ning siduda end lõplikult Euroopaga .,soomlane,haistma,shanss,yes
Mis mitmete filmielamuste kõrval pakkus tihti tõsist mõtlemisainet meie endi olukorra analüüsimiseks .,mis,pakkuma,mõtlemisaine,yes
Lätis ja Leedus pidurdab traavispordi arengut alalise hipodroomi puudumine .,puudumine,pidurdama,areng,yes
70-ndate lõpus kirjutas ta raamatu “ Philosophy and the Mirror of Nature ” .,tema,kirjutama,raamat,yes
Keegi ei saa vanemaid ja sünnipaika valida .,keegi,valima,vanem,yes
Mida ma sellest teistele ikka patran .,mina,patrama,mis,yes
"Detsembri algul 1957. aastal informeeris Eesti NSV MN esimehe asetäitja Valter Klauson Narva parteikonverentsi delegaate , et Hrushtshov suhtub küsimuse lahendamisse pooldavalt .",asetäitja,informeerima,delegaat,yes
"Kuni väljaõppe lõpuni juhivad pataljoni tegelikult lääneriikide instruktorid , kes annavad järk-järgult üle juhtimisülesandeid ja volitusi .",instruktor,juhtima,pataljon,yes
"J . H . : Jah , valimised võivad esile tuua populistliku reaktsiooni , et siin müüakse odavalt maha kroonijuveele .",valimine,tooma,reaktsioon,yes
Kahe inimpõlve vältel on Hiina säilitanud Hongkongi ja sellest kasu lõiganud .,Hiina,säilitama,Hongkong,yes
Publik armastas Mati Nuudet .,Mati,armastama,publik,no
"Pianist ja helilooja REIN RANNAP ostis oma järjekordse turnee tarvis uue maasturi , Hyundai Fe .",pianist,ostma,maastur,yes
"Ta saatis kaitseminister Pavel Gratshovile telegrammi : “ Õnnitlen üleoleku saavutamise puhul õhuruumis , kohtume maal .",tema,saatma,telegramm,yes
"Peremees saab käpa kätte ning hoolimata külalise püüdest teda takistada , soovib 200 naelsterlingit .",peremees,saama,käpp,yes
"Ettevõtlik saarlane Tõnis Palts , kellel taskus TPI raadioinseneri diplom , ning kes juhib kümmekonnast firmast koosnevat Levicomi gruppi , ei varja oma ambitsioone : Levicom peab saama sajandivahetuseks võimsaimaks sideteenuseid pakkuvaks firmaks Baltikumis .",saarlane,varjama,ambitsioon,yes
Tollane linnapea Jaak Tamm ( ei ole Jaani sugulane ) saatis määruse õiguskantslerile .,linnapea,saatma,määrus,yes
"Lev Nikolajevitshi järgi määravad just nemad , täpsemalt küll nende hulk ühel või teisel ajalooetapil selle edasise käigu .",tema,määrama,käik,yes
"Nende arvamust ja poolehoidu jahtisid nii ajakirjandus , poliitikud kui ka ettevõtete juhid .",ajakirjandus,jahtima,arvamus,yes
Ma ei saa endale võtta viit kuni seitset tuhandet krooni ja lihtsalt ära minna .,mina,võtma,kroon,yes
Samasugust otsust loodavad Kallaste mehed .,mees,lootma,otsus,yes
"Need filiaalid ei too pangale olulist tulu , õigemini , pank on rahul , kui nad nullkasumiga töötavad , kuid ometi on nende regionaalpoliitiline roll väga suur , ” väitis Telgmaa ja nõudis keskpangalt otsesõnu Maapanga toetamist .",filiaal,tooma,tulu,yes
Lapsepõlve suved veetis Peterburis sündinud Hans vanaema Kati juures Koordis .,suvi,veetma,Hans,no
"Personaliotsingufirma Ariko Reserv juhataja Igor Pässi meelest on vahepealsed rasked aastad mõne inimese moraali sedavõrd muserdanud , et on kaotatud usk nii endasse kui ka koolituse võimalustesse .",aasta,muserdama,moraal,yes
"Sellest annab tunnistust näiteks asjaolu , et märtsis konfiskeeris Eesti toll 1000 Hiina päritolu TT püstolit , mis olid peidetud kolmekümnesse sinist värvi metallvaati .",asjaolu,andma,tunnistus,yes
Meie ettevõtjad ei tundnud kuni selle aasta alguseni erilist huvi 1995 sõlmitud Eesti ja Euroopa Liidu vahelise assotsiatsiooni ehk Euroopa lepingu vastu .,ettevõtja,tundma,huvi,yes
Kes seda teab ?,kes,teadma,see,yes
Harmoonilise figuuri nimel treenis ta end igal võimalikul hetkel .,tema,treenima,ise,yes
Ta peab pidevalt kinnitama NATO valmisolekut laieneda ka pärast esimest ringi ning kannustama Euroopa Liitu uute liikmete võtmisele .,tema,kinnitama,valmisolek,yes
Miks peab see kena neiu eespingil jooni alla tõmbama ?,neiu,tõmbama,joon,yes
Estoniaga juhtunut ning kapten Pihti saatust on Regina Baltica kapten Erich Moik ja Jüri Lember sadu kordi peast läbi lasknud .,kapten,laskma,saatus,yes
Koguse vähenedes kell aeglustab käiku .,kell,aeglustama,käik,yes
Mis ringides sa siis käe valgeks said ?,sina,saama,käsi,yes
Eriti selgelt tunnevad seda loomulikult eduka juhi lähedased .,lähedane,tundma,see,yes
Koos supermodellist abikaasa Imaniga kasvatab ta varsti kaheaastast tütart ega taha kuuldagi suurest maailmaturneest .,tema,kasvatama,tütar,yes
"Ministeerium , kes arveid maksab , kulutab kas rumalusest või kuritahtlikult kaitseväe autopargi tarvis aastas kuni kolm miljonit liigset krooni .",ministeerium,kulutama,kroon,yes
Säärane lähenemisviis seab Balti riigid erinevasse kategooriasse võrreldes teiste Euroopa riikidega .,lähenemisviis,seadma,riik,yes
Sellel taustal võivad ühiskondlik surve ja poliitilised manipulatsioonid kaasa tuua politseijuhtide sagedase vahetumise ja veelgi suureneva ebastabiilsuse politseis .,surve,tooma,vahetumine,yes
Üks siseminister premeeris teda hea töö eest suure stiliseeritud kassi kujuga .,siseminister,premeerima,tema,yes
Juba Lahesõja ajal ja ka pärast seda on Ühendriigid otsinud võimalust ja ettekäänet Saddam Husseini kõrvaldamiseks .,Ühendriik,otsima,võimalus,yes
Kuid Toomas ja Age on seda suutnud .,Toomas,suutma,see,yes
"” Tugevdamaks kontrolli ajakirjanduse ja üldse avaliku elu korralduse üle , asutas Konstantin Päts 1934. aastal valitsuse poolt suunatava Propaganda Talituse .",Konstantin,asutama,talitus,yes
"Selle tähtsa sündmuse juurde oli ta kaasa võtnud ka kasseti , mida palus mängida .",tema,võtma,kassett,yes
"Lihtsaima näitena toob ta suitsetamise , mille ta oleks nõus päevapealt maha jätma , kui ainult peaks .",tema,tooma,suitsetamine,yes
Tänu pankurite usaldusele sai suurema kontrolli meedia üle ka Kremli administratsioon eesotsas Anatoli Tshubaisiga .,administratsioon,saama,kontroll,yes
Ma ei saa ühte nalja teisele eelistada .,mina,eelistama,nali,yes
Leiud annavad lootust ja õigustust elu otsingutele väljaspool Maad - eelkõige Marsilt ja Europalt .,leid,andma,lootus,yes
Kauplemise üldeeskiri keelab helikonservide müügi kontserdiplatsil .,üldeeskiri,keelama,müük,yes
Mida arvate naljast “ Kaur Kender on Rain Lõhmuse koduloom ” ?,koduloom,arvama,mis,no
Eesti rohkem kui sadakond advokaadibürood ei tunne Eesti erakõrgkoolide vastu pea üldse huvi .,advokaadibüroo,tundma,huvi,yes
” Tõnis Erilaid süütab mõtlikult uue sigareti .,Tõnis,süütama,sigaret,yes
Näiteks sai Mehhiko 1994. aastal peeso kriisi ehk nn tequila shoki ajal laenu 50 mld dollarit .,Mehhiko,saama,laen,yes
Miks te pole maja ehitanud ?,sina,ehitama,maja,yes
” Pakub sulle mõni värv loominguliselt rohkem inspiratsiooni ?,värv,pakkuma,inspiratsioon,yes
Riigikantselei peadirektor Tarmo Mänd - tööandja eluruumi kaudu erastas korteri Tallinnas Liivalaia tänavas .,tööandja,erastama,korter,yes
Vastutasuks pakkus sama mees vara kiiret kompenseerimist .,mees,pakkuma,kompenseerimine,yes
"Keskkonnaministeeriumi juures töötav endise NSVL-i sõjaväe tekitatud keskkonnakahjustuste likvideerimise finantseerimise komisjon kavandab sajandivahetuseks eeskätt inimeste elule ja tervisele ohtliku saaste likvideerimist , kogu taaga kõrvaldamine on pööraselt kallis ning kestab veel vähemalt sajandi .",komisjon,kavandama,likvideerimine,yes
Andres Sõnajalg kasutab maatükkide kokkukrabamiseks kahte õlitatult töötavat skeemi .,Andres,kasutama,skeem,yes
9. augustil tühistas prokuratuur selle lõpetamise määruse .,prokuratuur,tühistama,määrus,yes
Meilgi on äike tänavu leidnud esimese ohvri 37-aastase kaevuri näol .,äike,leidma,ohver,yes
"Kogu maailmas armastavad edukad inimesed kunsti , investeerivad kultuuri ja haridusse .",inimene,armastama,kunst,yes
Kõigele vaatamata kasvatasid kotkad siin tänavu poja üles .,kotkas,kasvatama,poja,yes
"Nagu emad kunagi tütreid õpetasid , et enne tuleb tükk aega käia ja sõber olla .",ema,õpetama,tütar,yes
Mulle imponeerib lõunapoolsete rahvaste suhtumine aega .,suhtumine,imponeerima,aeg,yes
"“ Mina ostsin maja kinnisvarafirmalt , makstes 3,1 miljonit krooni .",mina,ostma,maja,yes
Järvamaal Oisu vallas tappis välk läbi elektrikarjuse seitse lehma .,välk,tapma,lehm,yes
"Tänini uurib proua Sarv leepra ajalugu , peab loenguid ning korraldab pidalitõve lugu tutvustavaid näitusi üle Eesti .",proua,uurima,ajalugu,yes
Nii või teisiti on kandnud minister Heiki Kranichi ponnistused vilja .,ponnistus,kandma,vili,yes
Inertses seltskonnas annavad tooni tööealised pensionärid ( 44% ) ja õppurid ( 26% ) .,pensionär,andma,toon,yes
"Venemaalt turgu otsivad Eesti tootjad on väljendanud mõistmatust , miks peab Eesti Moskva kesklinnas ülal läbi kvartali ulatuvat suurejoonelist saatkonda , kui arengud kõige rahvalähedasemas küsimuses - turu avamises - on aastaid olnud väga tagasihoidlikud .",tootja,otsima,turg,no
Veelgi rammusamad paljastused peibutavad ostjat aga raamatukaante vahel .,paljastus,peibutama,ostja,yes
"Aasta alguses saavutas Eesti majanduslik areng taseme , mis pani nõutult kukalt sügama nii mõnegi väliseksperdi , kodumaistest asjatundjatest rääkimata .",areng,saavutama,tase,yes
"See toob kaasa projekti seiskumise määramata ajaks , ” kirjutab Peets ühes kahest õiendist .",see,tooma,seiskumine,yes
"Hilisemad kabinetid on normi peaaegu poole võrra vähendanud , sellele vaatamata on viljasalvedes napilt 50 000 tonni riigi teravilja , nagu tunnistab põllumajandusministeeriumis asja kureeriv Elsa Nurk .",kabinet,vähendama,norm,yes
Otseselt või kaudselt tema omanduses firmad teenivad kasumit kümneid miljoneid kroone aastas .,firma,teenima,kasum,yes
“ Seal ühe poisi juures nad tarvitasid narkootikume .,tema,tarvitama,narkootikum,yes
Samal ajal ajas ta usinalt Carmen Kassi jälgi .,tema,ajama,jälg,yes
Listjevi tapmine shokeeris ühiskonda .,tapmine,shokeerima,ühiskond,yes
"Kui kutsekool Kallastel suletakse , tähendab see veel ühte tühja hoonet keskväljaku ääres .",see,tähendama,hoone,yes
Vähi on lühiajalises perspektiivis olukorra väga hästi välja mänginud .,Vähi,mängima,olukord,yes
"Kui tänavu jõuaksid prantslased finaali , jagaks ühtsama kirge korraga kolmveerand Prantsusmaa elanikkonnast .",kolmveerand,jagama,kirg,yes
Eelmise reede õhtupoolik ajas luiged Kadrioru pargi tiigil ärevusse .,õhtupoolik,ajama,luik,yes
Teie eelistate vene keelt ?,sina,eelistama,keel,yes
Peale muusika armastab ta ka kirjandust .,tema,armastama,kirjandus,yes
"Kõik see kokku lõi kooli omaenda vaimsuse ja kultuuri , mis kummalisel kombel jaksas selle maja seinte vahel püsivalt valitseda ka veel aastakümneid pärast gümnaasiumi likvideerimist .",see,looma,vaimsus,yes
Päris esimest pilti ma kellestki enam nii väga ei usalda .,mina,usaldama,pilt,yes
Ülalmainitud suundumused soodustavad tugevate superklubide teket .,suundumus,soodustama,teke,yes
"Ühiskonna eksistentsi lõpetavad harva revolutsioonid , sagedasem on assimileerumine , mandumine , hajumine jms .",revolutsioon,lõpetama,eksistents,yes
Laeva meeskonna moodustavad lisaks viiele mehele ka loendamatud prussakad .,prussakas,moodustama,meeskond,yes
"Kusagilt on kõrvu jäänud ka väide , et eestlastel puudub metafüüsiline tõmme - nii asised ja pragmaatilised on nad .",väide,jääma,kõrv,yes
Keda sina senistest missidest enim hindad ?,sina,hindama,kes,yes
Ja miks ei võinud noormeest vägitükkidele ajada ka sadismile kalduv loomus .,loomus,ajama,noormees,yes
"Prantsuse konjakidünastia järeltulijat , perefirma Larsen omanikku Frederic Larsenit ( 43 , keskel ) seob Eestiga üsna omapärane seik .",seik,siduma,järeltulija,yes
See teeks ta palju nooremaks .,see,tegema,tema,yes
"Võsul , kus Georg sõpradega suvilat üürib , on nad naabrite sõnul parasjagu peavalu teinud .",tema,tegema,peavalu,yes
"Kurkse õnnetus paljastas nõrgad kohad Eesti riigikaitsesüsteemis , eriti tehnilise ja seadusandliku poole pealt ning loodetavasti tehakse nüüd ka vajalikke jõupingutusi nende puuduste kõrvaldamiseks .",õnnetus,paljastama,koha,no
” Katse painet viskiga leevendada andis vastupidise tulemuse .,katse,andma,tulemus,yes
"Pere elu feminiinset , emotsionaalset poolt esindab Bill , maskuliinne , ratsionaalne iva tuleb Hillarylt .",Bill,esindama,pool,yes
Ma ei mäletagi neid jõule .,mina,mäletama,see,yes
Praegu külastab raamatukogu vähemalt iga kolmas elanik .,raamatukogu,külastama,elanik,no
“ Ma naudin Bondi-tüdrukuks olemist .,mina,nautima,olemine,yes
Ta teeb neist lihtsa järelduse : sel maa-alal paiknevad elamud tuleb lammutada .,tema,tegema,järeldus,yes
"Koristaja peseb põrandat ja ütleb järjekorras seisjatele , et minge pesuruumi , ma panen sinise lambi põlema , pisikute vastu .",koristaja,pesema,põrand,yes
"Oma valijaid esindas Savisaar aga kuni aprillini varjununa metsatalus , mitte Toompeal .",Savisaar,esindama,valija,yes
"Kui Eesti hakkas 1992. a. viisakohustuse kaotamist taotlema , panid soomlased vastu argumendid , et meil puudub kontroll oma territooriumi üle , et siin valitseb segadus immigratsioonipoliitikas ning pole aktsepteeritavaid reisidokumente .",soomlane,panema,argument,yes
Pulli asula esindab meie nn. Kunda kultuuri varast astet .,asula,esindama,aste,yes
"“ Mina isiklikult eelistan klassikuid , nagu näiteks must nahkpintsak ja valged särgid , ” lausus Elle , kes väljamüügil põrkas ninapidi kokku ka oma kunagise kallima Tim Jeffriesiga , kes nüüd , pärast hiljutist lahkuminekut Claudia Schifferist , on taas vaba ja vallaline .",mina,eelistama,klassik,yes
"See akt muudaks kahe inimese ühenduse sotsiaalselt tunnustatuks , mida teinekord hotellides või kurjade ämmade ees hädasti tarvis läheb .",akt,muutma,ühendus,yes
"Siseministeeriumi põhimääruse järgi “ vastutab eelarve täpse ja otstarbeka täitmise eest ” kantsler Toots , kes selgitab rahulikult : “ Siseministeeriumil ei ole automajandit ja meie rendime autosid politseilt .",kantsler,vastutama,eelarve,yes
Vastupidi - filminäitleja peab seda üheks lõbusaimaks seigaks viimasel ajal .,filminäitleja,pidama,see,yes
"Ja kõik oma päevad lõpetasin ma sellega , et mu taskud olid täis väikseid valgeid paberitükikesi , millele olin päeval märkmeid teinud .",mina,lõpetama,päev,yes
Kuidas te seda tähistasite ?,sina,tähistama,see,yes
Traktorist Kõllametsa otsus kodumets maha võtta vallandas ühe sellistest .,otsus,vallandama,üks,yes
Aga ka see raske moment leidis oma lahenduse tänu armastusele jumala vastu .,moment,leidma,lahendus,yes
Poisi kohta ma sedasama loomulikult öelda ei saa .,mina,ütlema,seesama,yes
"Massilised vahistamised , piinamised ja avalikud hukkamised on mässumeelsete indu viimasel kahel aastal tublisti vähendanud .",vahistamine,vähendama,ind,yes
Seltskond Noorukese poplaulja Billie Piperi ootamatu abiellumine briti miljonäri ja DJ Chris Evansiga on paksu pahameelt tekitanud .,abiellumine,tekitama,pahameel,yes
Meie arvukuse kiire kahanemine ja prognoositav uus immigratsioonilaine sunnib meid senist muulastepoliitikat revideerima .,kahanemine,sundima,mina,yes
"Enne New Yorgi office'isse tööle asumist sai Piret võimaluse kuu aega Londoni kontoris praktiseerida - proovimaks , kas talle seal meeldib .",Piret,saama,võimalus,yes
“ Ta soovib anonüümsust .,tema,soovima,anonüümsus,yes
Seda emotsiooni mõistsin ma küll täielikult .,mina,mõistma,emotsioon,yes
"Ma anusin teda , kuid asjatult .",mina,anuma,tema,yes
Palju sina näiteks häält harjutad ?,sina,harjutama,hääl,yes
Keegi tundmatu daam toob mõni päev hiljem sellele lisaks koopia perekonnaseisuameti tõendist isa sünni kohta .,daam,tooma,koopia,yes
"Eesti lennuväe vaimu tõestavad need mehed , kes ka pärast Teist maailmasõda ühel või teisel viisil võitlust jätkasid .",mees,tõestama,vaim,yes
"Olgugi vahepeal aastad lavastaja näole kortse juurde kirjutanud , rohmakusele on Komissarov truuks jäänud .",lavastaja,kirjutama,korts,no
Juba nimetus “ kuninglik ” teeb iirlasi tõrksaks organiga liituma .,nimetus,tegema,iirlane,yes
"Ükski pank ei anna ehituseks laenu , kui sul on tagatiseks pakkuda ainult maakasutusleping .",pank,andma,laen,yes
"Peaaegu kõik olid oma välimust kohendanud , keskmiselt 15 lõikusega .",kõik,kohendama,välimus,yes
"Ei suured riigid , nagu Ukraina , ega haavatavad riigid , nagu Baltimaad , ei tunne end rahulikult ainult selle pärast , et keegi teine nende julgeolekut tagab .",riik,tundma,ise,yes
“ Alkohol hävitas indiaanlased .,alkohol,hävitama,indiaanlane,yes
"Alex muutis mind pehmemaks , leebemaks ja vastuvõtlikumaks - naiselikumaks .",Alex,muutma,mina,yes
"Ta pole küll väikest armsat majakest mere äärde soetanud , vaid hoopiski keset Tallinna linna koos kolme sõbra , Paul Lilje , Alo Jaanivaldi ja Arvo Kokkaga uhke helisalvestusstuudio “ Red Records Stuudiod ” .",tema,soetama,majake,yes
Ta lubas tulevikus FIA-le osa tulust .,tema,lubama,osa,yes
"Pulmad , lapse sünd , Oscari võitnud film ja terrorirünnakud koduukse ees - kõik ühe aasta jooksul .",film,võitma,Oscari,no
Abielupaar veedab tagakambris ühiseid intiimseid hetki .,abielupaar,veetma,hetk,yes
Meie mees te valiku kiitsid heaks Rootsi nõustajad .,sina,kiitma,nõustaja,no
Elektrienergia ekspordi lõppemine ja tarbimise tagasiminek on elektrienergia tootmist vähendanud ca kaks korda .,lõppemine,vähendama,tootmine,yes
Ratsionaalne ellusuhtumine praegu sellist nähtust ei soosi .,ellusuhtumine,soosima,nähtus,yes
Just loomuliku olekuga lõi 15aastane Elva koolitüdruk Kerli Kõiv oma väga täiskasvanulikke ja lausa tädilikke konkurente Lätist-Leedust .,koolitüdruk,looma,konkurent,yes
"” Kuid kui naised edasi lunisid , siis Vilja rääkiski , iga kord mõne pisiasja .",vili,rääkima,pisiasi,no
Euroopa Komisjoni värske raport “ Responses to the Challenges of Globalisation ” käsitleb ühe vastusena globaliseerumisele ka rahvusvahelist valuutatehingutele kehtestatavat maksu .,raport,käsitlema,maks,yes
Kriitikuid paneb nördima lihtsustav ja ühekülgne nägemus .,nägemus,panema,kriitik,yes
"Erilist muret teeb järelkasv , füüsika alal on üliõpilasi vähe , helgemad pead valivad eriala , kus hoopis rohkem teenib .",järelkasv,tegema,mure,yes
See tähendab vähemasti kolmesadat beebit .,see,tähendama,beebi,yes
Tüdrukud pole mind piiranud .,tüdruk,piirama,mina,yes
"Ei , enne võiks ta minu maha jätta .",tema,jätma,mina,yes
"Ning loomulikult ei kasutaks ta neid privileege ainult ise , vaid jagaks kõigi kaaslastega .",tema,kasutama,privileeg,yes
Enne ühisprojekti algust pidid aga Ameerika astronaudid mitmel korral koostöö lihvimiseks külastama Vene kosmosejaama Mir .,astronaut,külastama,kosmosejaam,yes
Samuti sisaldab see rühm erinevail põhjusil kõrvale tõrjutuid ja muidu omapäraseid lapsi .,rühm,sisaldama,laps,yes
"“ Meie tahame Kassi väga , aga me ei tea , kas ka tema meid tahab .",mina,tahtma,kass,yes
Kuid kõigis neis said rohkem või vähem viga vaid lennukid .,lennuk,saama,viga,yes
Bill Clinton sai kaotatud ametikoha tagasi .,Bill,saama,ametikoht,yes
"Et nad vaataksid Venemaa tegelikkust nagu kalad akvaariumis , tummalt maigutades ja ennast täieliku kõrvaltvaatajana tundes .",tema,vaatama,tegelikkus,yes
"Sünnitusosakonnas küsisin ma oma palati naistelt näiteks selliseid asju : “ Aga mis ma siis teen , kui see asi tal tagumikust välja tuleb ?",mina,küsima,asi,yes
Mis teeb naise seksuaalselt isuäratavaks ?,mis,tegema,naine,yes
Ema ja vanaema õpetasid seda mulle . ”,ema,õpetama,see,yes
"Jane ja Rauli lugu sai alguse 1999. aastal Sierra Nevada treeninglaagris , kus jooksja Sevilla olümpiamängudeks valmistus .",lugu,saama,algus,yes
Ometi valis ta juba lapsena endale absoluutseks elusihiks jalgpalli .,tema,valima,jalgpall,yes
Rahakraani sulgemine haigust ei kaota ega tapa .,sulgemine,kaotama,haigus,yes
Kaupmehed saavad kindlustada peaaegu kõike .,kaupmees,kindlustama,kõik,yes
"Traditsioonide kestvust iseloomustab seegi pisiasi , et neid peresid , kes pärit fjordikaldalt , kus türgi piraadid sajandeid tagasi tuulevarju otsisid , kutsutakse ikka veel tõmmunahalisteks .",pisiasi,iseloomustama,kestvus,yes
"” Hirmu suure kiiruse ja sellega kaasnevate ohtude ees Marko ei tunne : “ Eks väike võbin ole enne iga starti sees , kuid hirmu pole küll aega tunda .",Marko,tundma,hirm,yes
Milline näeb praegu välja sinu päev ?,päev,nägema,milline,yes
Nii et selle katsumuse sai hoopis asjasse mittepuutuv mees .,mees,saama,katsumus,yes
"Samal ajal valasid õli tulle ja süvendasid investorite pessimismi veelgi välisajakirjanduses ilmunud artiklid Eesti majanduse dramaatilisest ülekuumenemisest ja sellega seotud ohtudest , mida kohalik press usinalt refereeris .",õli,valama,tuli,no
Tapmiskatse võõra riigi territooriumil paiskas Iisraeli ja Jordaania suhted kriisi .,suhe,paiskama,kriis,no
Nemad tekitavad samapalju kahju kui esimesed .,tema,tekitama,kahi,no
Sõbranna õpetas talle kodus selgeks sõnad “ tere ” ja “ aitäh ” .,sõbranna,õpetama,sõna,yes
"Likvideerimisotsuse langetamisega on Maapanga omanikud otsustusõiguse andnud panga likvideerimiskomisjonile , mis juhindub oma tegevuses äriseadustikust .",omanik,andma,otsustusõigus,yes
” Abikaasa Ene pani Peetrile silma peale omaaegses Eesti Õpilasmalevas .,abikaasa,panema,silm,yes
Aga me räägime Andrusega mõlemad ikka iga päev lastega läbi telefoni .,mina,rääkima,mõlema,no
"” ” Mis mul muud üle jäi , kui vastata “ yes ” , kuigi mind ei olnud tema auks korraldatud õhtusöögile kutsutud .",mis,jääma,muu,yes
"” Eramus uudistab aga tulijaid kogu pere lemmik , pärsia kass Cheri .",lemmik,uudistama,tulija,yes
"Lennupilet maksis ligi kolmkümmend tuhat krooni ja kahekuune äraolek maksis kah kõvasti , nii otseste kulude kui ka tegemata tööde mõttes .",lennupilet,maksma,kroon,yes
Väga hea kasvataja võib siis kodu puudujääke pisut kompenseerida .,kasvataja,kompenseerima,puudujääk,yes
Lüganuse Keskkool võtaks ajaloos või inglise keeles teistest koolidest hea meelega malli .,keskkool,võtma,mall,yes
"Keegi oleks saanud oma CV-sse punkti kirja , aga kultuurile poleks see mingit tulu toonud .",keegi,saama,kiri,no
"Paljutähendav muie suunurgas , märkab seda reklaami nüüd nii või teisiti igaüks .",igaüks,märkama,reklaam,yes
Mida te viimati talle kinkisite ?,sina,kinkima,mis,yes
Selleks kohustab neid kaudselt ÜRO Julgeolekunõukogu resolutsioon nr 827.,resolutsioon,kohustama,tema,yes
Hiljutise Horvaatia-Eesti matši ajal kandsid Eesti koondise fännid tribüünil loosungit “ Savisaar on pede ” .,fänn,kandma,loosung,yes
"Kui naine mehele teatas , et tahaks kangesti varieteesse tööle minna , ei andnud Alar armu : “ “ Sul on liiga suur pepu !",Alar,andma,arm,yes
"Füüsilist vägivalda ei õigusta igatahes miski , isegi mitte rahanappus .",miski,õigustama,vägivald,yes
Loos leiduvad hoiatused kajastavad autori isiklikku seisukohta .,hoiatus,kajastama,seisukoht,yes
Seevastu muutused energeetikas näitavad kähku oma mõju nii era- kui ka ühiskondlikus tarbimises .,muutus,näitama,mõju,yes
Eestlane oli teinud äri Peterburi metallimeestega .,eestlane,tegema,äri,yes
"Kirikut kaunistasid roosad roosid , rukkililled , liiliad ja lavendliõied .",roos,kaunistama,kirik,yes
Globaliseerumise lükkas käima nälg eksootiliste ja hirmkallite idamaiste vürtside järele .,nälg,lükkama,globaliseerumine,yes
"Kui sokid on laokil , korjan ma need kokku ja ei õienda .",mina,korjama,see,yes
Klient saab sajasest viis krooni ja kakskümmend senti tagasi .,klient,saama,kroon,yes
"Põlva , Viljandi ja Paide piimatöösturite ühendus , AS Ühinenud Meiereid paneb juba äriplaani kokku .",ühendus,panema,äriplaan,yes
"Savisaare-hirmus valis rahvas riigikogu lavale “ uue poliitika ” , nüüd jääb huviga oodata , mis loom see on .",rahvas,valima,poliitika,yes
"Kord kuus riiki külastav Eesti suursaadik võib küll seletada Eesti riigi üldist seisu vastava riigi välisministeeriumile , aga praegu vajame pidevat selgitustööd ja kohalolekut .",suursaadik,seletama,seis,yes
"Haridusministeerium on valinud teise tee , sest 91 kutsekooli on Eestile liiga palju .",haridusministeerium,valima,tee,yes
Tuhat krooni igale lapsele tasandaks vähemalt natukenegi seda lõhet .,kroon,tasandama,lõhe,yes
Need kontrollivad kaks korda sekundis liitpeegli kuju .,see,kontrollima,kuju,yes
Selle küsimuse peale laiutavad koolijuhid käsi .,koolijuht,laiutama,käsi,yes
"” Urmas Oti telemissaks 30. detsembriks koju teleka ette jõudnud , võtsid Ülle ja Indrek vana-aastaõhtuks suuna Haapsallu .",Ülle,võtma,suund,yes
Eestist ostetud haruldased sõrmused “ True love ” maksid kokku 15 000 krooni .,sõrmus,maksma,kroon,yes
Varasem kriitika on juba tõmmanud paralleele Noa laeva ja apokalüpsisega .,kriitika,tõmbama,paralleel,yes
"Paanikahoos inimest valdab surmahirm , tal on tunne , et “ läheb hulluks ” .",surmahirm,valdama,inimene,yes
"“ Ma armastan väga rattasõitu , ” toob rektor näite .",mina,armastama,rattasõit,yes
Kiiremad loomad vajavad tugevamaid luid .,loom,vajama,luu,yes
"Selle nimel , et see kõik reaalseks muutuks , teevad tööd USA kaitseministeeriumi sõjaliseks kasutuseks mõeldud uue tehnika arendamise keskuse DARPA ( Defense Advanced Research Projects Agency ) ehk siis Riigikaitse Progressiivuuringuprojektide Agentuuri teadlased .",teadlane,tegema,töö,yes
"Vanaisa Hans oli Võisiku mõisa valitsejana kaheksa lapse kõrvalt 49. eluaastaks nii palju raha säästnud , et läks Sakalas ilmunud Adoni karjamõisa müümise kuulutuse peale Uusna paruni jutule .",vanaisa,säästma,raha,yes
Kohus ennistas Jüri Oti uuesti Tallinna Botaanikaaia direktoriks ning mõistis Tallinna linnalt Oti kasuks välja ligi 40 000 krooni .,kohus,ennistama,Jüri,yes
Kuskilt hambafissuurist sisse läinud pisik ei jäta alati hamba pinnale isegi nähtavat auku .,pisik,jätma,auk,yes
"Keegi midagi kandikul ette ei too , kui inimene ise ennast soost välja rebida ei taha .",keegi,tooma,miski,yes
"Ta esitles plakatit , millel Ryderi nägu oli ümbritsetud jutumullidega , millest igaühes olid kirjas näitlejatari kõikvõimalikud põhjendused .",tema,esitlema,plakat,yes
Esmatähtsaks peab professor Eesti ühiskonna muutumist inimkeskseks .,professor,pidama,muutumine,yes
"“ Ma ajan ka Paide ja kõik teised väikelinnad kihama , kui sinna satun ! ” praalib Lepajõe .",mina,ajama,Paide,yes
"BV inspektor tegi akti , kuid midagi ei võetud ette sama vea likvideerimiseks Arcticu sõsarlaeval Nordic .",inspektor,tegema,akt,yes
Ta armastab mind väga . ”,tema,armastama,mina,yes
"Nii mõnigi ametnik ja poliitik toetas Eesti haldussüsteemi üht tõsisemat reformikava , ajakirjanikud aga astusid umbusklikult reformide vastu .",ametnik,toetama,reformikava,yes
"Eks ma mõne loo kirjutasin ise ka , aga ma ei arva , et minust saaks filosofeeriv Barbi Pilvre .",mina,kirjutama,lugu,yes
"Ülemus sõimas mehel näo täis , aga juhtum oli sisuliselt läbi .",ülemus,sõimama,nägu,yes
Seetõttu peab ta õigeks pankrotimenetluse kaudu uute omanike leidmist .,tema,pidama,leidmine,yes
Ühend ajab sääskede sisemised kompassid sassi ja kaitseb niimoodi hammustuste eest mõne tunni jooksul .,ühend,ajama,kompass,yes
Esimese pilgu militaar-Interneti võimalustele said Ameerika sõdurid heita tänavu mais Bosnias .,sõdur,heitma,pilk,yes
Eestile oleks Teine maailmasõda maksnud peaaegu kogu eksistentsi .,maailmasõda,maksma,eksistents,yes
USA langemine kriisivõrku tõmbaks kaasa ka Euroopa .,langemine,tõmbama,Euroopa,yes
Kaks kolmandikku maailma 100 miljonist internetikasutajast ostab vähemalt kord kuus endale midagi interneti kaudu .,kolmandik,ostma,miski,yes
"Ta jagab oma aja neljaks : Tallinna linn 55% , koalitsioon ja riik 10% , partei 20% ja ülejäänu on lugemiseks , kirjutamiseks , söömiseks , jutuajamisteks .",tema,jagama,aeg,yes
Kas naiste osas järgib Marko oma isa maitset ?,Marko,järgima,maitse,yes
Nime panin mina .,mina,panema,nimi,yes
Ta peab oma meest meeles kaunite kingitustega .,tema,pidama,mees,yes
Seda tingivad uued julgeolekualased väljakutsed .,väljakutse,tingima,see,yes
"Et midagi tagasi nõuda ei saaks , jättis kõrge instants jõusse kogu vara konfiskeerimise nõude .",instants,jätma,nõue,yes
Seda ma tundsin .,mina,tundma,see,yes
Ema ja poeg süüdistavad kooli lohakuses ja räpasuses ning viitavad valele õppekavale .,ema,süüdistama,kool,yes
"Töötajad võivad blokeerida iga firma jaoks vajaliku , ent nendele ebameeldiva juhtkonna otsuse .",töötaja,blokeerima,otsus,yes
Eestist ei teadnud Julia varem suurt midagi peale mulluse võidulaulu .,Julia,teadma,miski,yes
Kuid milline naine seda kõike teinud poleks !,naine,tegema,kõik,yes
Mehe sõnul Kristina ainult halvustab teda lapse kuuldes ega lase tal enam tütrega suhelda .,Kristina,halvustama,tema,yes
"Senikaua kuni keegi ( kes ? ) midagi ette võtab , mõtleme , ootame , vaatame .",keegi,võtma,miski,yes
Ma ei igatse tagasi esivanemate kombeid .,mina,igatsema,komme,yes
"Raha kaitseb ennast ise , aga kes kaitseb töötajat ?",raha,kaitsma,ise,yes
Robertsi sõnul annab hommikune trenn jõusaalis talle energiat : “ Ma tunnen end pärast värske ja tugevana .,trenn,andma,energia,yes
“ Esiteks lõpetasin ma peeglisse vaatamise .,mina,lõpetama,vaatamine,yes
Peeter Rebane ostab endale asju nii harva kui võimalik .,Peeter,ostma,asi,yes
"Toomase lapsed veedavad kõik oma suvevaheajad meiega , tihti ka jõulud ja teised koolivaheajad .",laps,veetma,suvevaheaeg,yes
"Inimesed otsivad põhjust , et Crowe ' poolt mitte hääletada .",inimene,otsima,põhjus,yes
See pigistas ta lepingupartnerilt veel 15 000 .,see,pigistama,tema,yes
"Laps vajab isa ja ma usun , et meile kõigile oleks kõige parem elada koos .",laps,vajama,isa,yes
"Aastal 1989 võttis Rock Summeri kontserdil üks võõras mees mu oma kukile , et ma esinemist paremini näeksin .",mees,võtma,oma,no
"“ Ma ei lugenudki seda lõpuni , vaatasin , et õnnest on juttu .",mina,lugema,see,yes
"Väline sarnasus ning see , et ta oli samuti balletiga tegelnud , tõi talle peaosa kuulsa näitlejanna eluloost pajatavas telefilmis .",sarnasus,tooma,peaosa,yes
"Kui mitte mina , teeb seda keegi teine .",teine,tegema,see,yes
"Tartu Ülikool edestab Tallinna Tehnikaülikooli iga aastaga üha rohkem ja rohkem Kui vabadus on suur , pole imestada , et jagajad eelkõige endale mõtlevad .",Ülikool,edestama,tehnikaülikool,yes
Telemaja töötajad näevad üsna tihti kolmapäevaõhtuti maja ees parkimas Leonid Tuderi autot .,töötaja,nägema,auto,yes
Tuntud ja lugupeetud isa nime varjus tegi ta veel 50. aastatel suurt kahju metsavendadeliikumisele .,tema,tegema,kahi,no
"“ Ükskõik , mida ta ka ei teinud , ta oli alati täiuslikult meigitud , sest ta ei kujutanud ette , et mõni päev võiks mööduda fotograafideta , ” meenutab üks ajalehetoimetaja .",tema,tegema,mis,yes
"Muide , kooli juhtis tol ajal ei keegi muu kui kapten Kunnas isiklikult .",muu,juhtima,kool,yes
Kui suurt rolli mängib suhetes seks ja seksuaalne sobivus ?,sobivus,mängima,roll,yes
Mida sa lavakoolist õppisid ?,sina,õppima,mis,yes
"Selle pidi andma mitte mõni kindral , vaid sünoptik David Ludlum !",kindral,andma,see,yes
Kõige rohkem puudust tundis Siiri saarel algul oma mootorrattast Honda Endurost .,Siiri,tundma,puudus,yes
"Kuninglikud merejalaväelased demonstreerisid mitmesuguseid püssikäsitsemise võtteid ja rivisammu liike , mida oli üle saja ja mida nad tegid sünkroonis ilma käsklusteta .",merejalaväelane,demonstreerima,võte,yes
Meie tehas teeb koostööd väga paljude välispartneritega ning aeg-ajalt võtan ma neid kodus vastu .,tehas,tegema,koostöö,yes
"“ Ma ei saa ajakirjanduse veergudel iial sellel teemal sõna võtta , sest see oleks halva eeskuju näitamine , ” nendib Maire Aunaste ( 49 ) , kuid tunnistab Kroonikale , et ta on tõesti Ameerika saatkonda alt vedanud .",mina,võtma,sõna,yes
